Hemolysis,Non-Fouling,Half-Life,Affinity,Motif,Specificity
PLWMTAICQH,0.8726188689470291,0.6429013609886169,1.7644610404968262,6.875442981719971,0.40716251730918884,0.9622641801834106
FEDPVVFVGC,0.8874566107988358,0.5886058807373047,1.6947383880615234,7.593678951263428,0.5291666388511658,0.8679245114326477
FAFEFSVVTC,0.8918811902403831,0.4577617049217224,6.771621227264404,7.310552597045898,0.45630937814712524,0.9811320900917053
LCPWEPEDKR,0.9240723252296448,0.47001880407333374,6.0214009284973145,5.628063201904297,0.3752138018608093,1.0
WMFQFVYIAL,0.7492221593856812,0.2839432954788208,17.79129981994629,7.5609917640686035,0.47092461585998535,0.8962264060974121
